;fixed acidity;volatile acidity;citric acid;residual sugar;chlorides;free sulfur dioxide;total sulfur dioxide;density;pH;sulphates;alcohol;quality;predictions;probabilities
667;11.3;0.34;0.45;2.0;0.0819999999999999;6.0;15.0;0.9988;2.94;0.66;9.2;0;0;0.035
1082;7.2;0.38;0.3;1.8;0.073;31.0;70.0;0.99685;3.42;0.59;9.5;0;0;0.01
259;10.0;0.31;0.47;2.6;0.085;14.0;33.0;0.99965;3.36;0.8;10.5;1;0;0.315
176;7.3;0.38;0.21;2.0;0.08;7.0;35.0;0.9961;3.33;0.47;9.5;0;0;0.015
1417;7.3;0.34;0.33;2.5;0.064;21.0;37.0;0.9952;3.35;0.77;12.1;1;1;0.695
1212;6.8;0.65;0.02;2.1;0.078;8.0;15.0;0.99498;3.35;0.62;10.4;0;0;0.11
220;7.8;0.34;0.37;2.0;0.0819999999999999;24.0;58.0;0.9964;3.34;0.59;9.4;0;0;0.0
1207;9.9;0.72;0.55;1.7;0.136;24.0;52.0;0.99752;3.35;0.94;10.0;0;0;0.12
105;8.1;0.575;0.22;2.1;0.077;12.0;65.0;0.9967;3.29;0.51;9.2;0;0;0.0
836;6.7;0.28;0.28;2.4;0.012;36.0;100.0;0.99064;3.26;0.39;11.7;1;1;0.7
1233;10.2;0.23;0.37;2.2;0.057;14.0;36.0;0.99614;3.23;0.49;9.3;0;0;0.095
843;7.1;0.685;0.35;2.0;0.088;9.0;92.0;0.9963;3.28;0.62;9.4;0;0;0.005
1190;9.1;0.4;0.57;4.6;0.08;6.0;20.0;0.99652;3.28;0.57;12.5;0;0;0.285
1394;6.4;0.57;0.14;3.9;0.07;27.0;73.0;0.99669;3.32;0.48;9.2;0;0;0.005
665;9.4;0.59;0.14;2.0;0.084;25.0;48.0;0.9981;3.14;0.56;9.7;0;0;0.0
594;7.9;0.72;0.17;2.6;0.096;20.0;38.0;0.9978;3.4;0.53;9.5;0;0;0.0
1472;7.6;0.35;0.6;2.6;0.073;23.0;44.0;0.99656;3.38;0.79;11.1;0;0;0.345
1441;7.4;0.785;0.19;5.2;0.094;19.0;98.0;0.99713;3.16;0.52;9.56666666666667;0;0;0.0
1094;6.6;0.725;0.09;5.5;0.1169999999999999;9.0;17.0;0.99655;3.35;0.49;10.8;0;0;0.26
859;6.8;0.56;0.22;1.8;0.074;15.0;24.0;0.99438;3.4;0.82;11.2;0;0;0.075
358;11.9;0.43;0.66;3.1;0.109;10.0;23.0;1.0;3.15;0.85;10.4;1;0;0.16
299;6.9;0.67;0.06;2.1;0.08;8.0;33.0;0.99845;3.68;0.71;9.6;0;0;0.005
1058;9.9;0.53;0.57;2.4;0.093;30.0;52.0;0.9971;3.19;0.76;11.6;1;0;0.43
181;8.9;0.61;0.49;2.0;0.27;23.0;110.0;0.9972;3.12;1.02;9.3;0;0;0.005
483;10.6;0.36;0.6;2.2;0.152;7.0;18.0;0.9986;3.04;1.06;9.4;0;0;0.09
844;9.9;0.25;0.46;1.7;0.062;26.0;42.0;0.9959;3.18;0.83;10.6;0;0;0.35
1349;6.9;0.57;0.0;2.8;0.081;21.0;41.0;0.99518;3.41;0.52;10.8;0;0;0.04
137;7.2;0.415;0.36;2.0;0.081;13.0;45.0;0.9972;3.48;0.64;9.2;0;0;0.005
62;7.5;0.52;0.16;1.9;0.085;12.0;35.0;0.9968;3.38;0.62;9.5;1;0;0.02
1261;6.3;1.02;0.0;2.0;0.083;17.0;24.0;0.99437;3.59;0.55;11.2;0;0;0.045
191;6.4;0.37;0.25;1.9;0.074;21.0;49.0;0.9974;3.57;0.62;9.8;0;0;0.02
1367;6.9;0.54;0.3;2.2;0.088;9.0;105.0;0.99725;3.25;1.18;10.5;0;0;0.06
1341;7.5;0.51;0.02;1.7;0.084;13.0;31.0;0.99538;3.36;0.54;10.5;0;0;0.015
1141;8.2;0.38;0.32;2.5;0.08;24.0;71.0;0.99624;3.27;0.85;11.0;0;0;0.12
1107;9.1;0.3;0.41;2.0;0.068;10.0;24.0;0.99523;3.27;0.85;11.7;1;1;0.88
652;15.9;0.36;0.65;7.5;0.096;22.0;71.0;0.9976;2.98;0.84;14.9;0;0;0.49
401;7.7;0.26;0.3;1.7;0.059;20.0;38.0;0.9949;3.29;0.47;10.8;0;0;0.2
212;11.6;0.44;0.64;2.1;0.059;5.0;15.0;0.998;3.21;0.67;10.2;0;0;0.075
1537;5.4;0.58;0.08;1.9;0.059;20.0;31.0;0.99484;3.5;0.64;10.2;0;0;0.065
955;8.5;0.21;0.52;1.9;0.09;9.0;23.0;0.99648;3.36;0.67;10.4;0;0;0.055
1346;6.1;0.59;0.01;2.1;0.0559999999999999;5.0;13.0;0.99472;3.52;0.56;11.4;0;0;0.1
3;11.2;0.28;0.56;1.9;0.075;17.0;60.0;0.998;3.16;0.58;9.8;0;0;0.025
791;8.8;0.64;0.17;2.9;0.084;25.0;130.0;0.99818;3.23;0.54;9.6;0;0;0.0
1405;7.7;0.28;0.3;2.0;0.062;18.0;34.0;0.9952;3.28;0.9;11.3;1;1;0.61
112;8.4;0.6;0.1;2.2;0.085;14.0;111.0;0.9964;3.15;0.66;9.8;0;0;0.005
1210;6.8;0.65;0.02;2.1;0.078;8.0;15.0;0.99498;3.35;0.62;10.4;0;0;0.11
246;7.1;0.68;0.07;1.9;0.075;16.0;51.0;0.99685;3.38;0.52;9.5;0;0;0.0
444;5.3;0.57;0.01;1.7;0.054;5.0;27.0;0.9934;3.57;0.84;12.5;1;0;0.43
1123;10.7;0.4;0.37;1.9;0.081;17.0;29.0;0.99674;3.12;0.65;11.2;0;0;0.195
1180;8.2;0.35;0.33;2.4;0.076;11.0;47.0;0.99599;3.27;0.81;11.0;0;0;0.09
1577;6.2;0.7;0.15;5.1;0.076;13.0;27.0;0.99622;3.54;0.6;11.9;0;0;0.1
429;12.8;0.84;0.63;2.4;0.088;13.0;35.0;0.9997;3.1;0.6;10.4;0;0;0.05
875;8.8;0.31;0.4;2.8;0.109;7.0;16.0;0.99614;3.31;0.79;11.8;1;1;0.58
536;9.9;0.63;0.24;2.4;0.077;6.0;33.0;0.9974;3.09;0.57;9.4;0;0;0.0
744;11.1;0.39;0.54;2.7;0.095;21.0;101.0;1.0001;3.13;0.51;9.5;0;0;0.01
1105;6.3;0.57;0.28;2.1;0.048;13.0;49.0;0.99374;3.41;0.6;12.8;0;0;0.13
24;6.9;0.4;0.14;2.4;0.085;21.0;40.0;0.9968;3.43;0.63;9.7;0;0;0.005
760;9.0;0.58;0.25;2.8;0.075;9.0;104.0;0.99779;3.23;0.57;9.7;0;0;0.015
1505;6.7;0.76;0.02;1.8;0.078;6.0;12.0;0.996;3.55;0.63;9.95;0;0;0.01
199;6.9;1.09;0.06;2.1;0.061;12.0;31.0;0.9948;3.51;0.43;11.4;0;0;0.06
537;8.1;0.825;0.24;2.1;0.084;5.0;13.0;0.9972;3.37;0.77;10.7;0;0;0.105
240;8.9;0.635;0.37;1.7;0.263;5.0;62.0;0.9971;3.0;1.09;9.3;0;0;0.035
1168;6.5;0.34;0.27;2.8;0.067;8.0;44.0;0.99384;3.21;0.56;12.0;0;0;0.155
713;8.0;0.43;0.36;2.3;0.075;10.0;48.0;0.9976;3.34;0.46;9.4;0;0;0.005
1454;11.7;0.45;0.63;2.2;0.073;7.0;23.0;0.99974;3.21;0.69;10.9;0;0;0.105
660;7.2;0.52;0.07;1.4;0.074;5.0;20.0;0.9973;3.32;0.81;9.6;0;0;0.0
226;8.9;0.59;0.5;2.0;0.337;27.0;81.0;0.9964;3.04;1.61;9.5;0;0;0.03
438;10.4;0.41;0.55;3.2;0.076;22.0;54.0;0.9996;3.15;0.89;9.9;0;0;0.095
9;7.5;0.5;0.36;6.1;0.071;17.0;102.0;0.9978;3.35;0.8;10.5;0;0;0.13
1087;7.9;0.19;0.42;1.6;0.057;18.0;30.0;0.994;3.29;0.69;11.2;0;0;0.27
321;9.3;0.61;0.26;3.4;0.09;25.0;87.0;0.99975;3.24;0.62;9.7;0;0;0.005
612;7.5;0.64;0.0;2.4;0.077;18.0;29.0;0.9965;3.32;0.6;10.0;0;0;0.025
1136;10.4;0.52;0.45;2.0;0.08;6.0;13.0;0.99774;3.22;0.76;11.4;0;0;0.22
16;8.5;0.28;0.56;1.8;0.092;35.0;103.0;0.9969;3.3;0.75;10.5;1;0;0.135
1248;6.9;0.41;0.33;2.2;0.081;22.0;36.0;0.9949;3.41;0.75;11.1;0;0;0.35
593;9.9;0.49;0.58;3.5;0.094;9.0;43.0;1.0004;3.29;0.58;9.0;0;0;0.03
957;9.5;0.37;0.52;2.0;0.088;12.0;51.0;0.99613;3.29;0.58;11.1;0;0;0.08
826;7.5;0.27;0.34;2.3;0.05;4.0;8.0;0.9951;3.4;0.64;11.0;1;1;0.575
857;8.2;0.26;0.34;2.5;0.073;16.0;47.0;0.99594;3.4;0.78;11.3;1;0;0.385
1549;7.4;0.36;0.3;1.8;0.074;17.0;24.0;0.99419;3.24;0.7;11.4;1;0;0.46
151;9.2;0.52;1.0;3.4;0.61;32.0;69.0;0.9996;2.74;2.0;9.4;0;0;0.165
498;10.7;0.35;0.53;2.6;0.07;5.0;16.0;0.9972;3.15;0.65;11.0;1;0;0.25
1209;6.2;0.39;0.43;2.0;0.071;14.0;24.0;0.99428;3.45;0.87;11.2;1;0;0.5
129;6.1;0.38;0.15;1.8;0.072;6.0;19.0;0.9955;3.42;0.57;9.4;0;0;0.075
734;7.7;0.56;0.2;2.0;0.075;9.0;39.0;0.9987;3.48;0.62;9.3;0;0;0.005
1390;6.0;0.49;0.0;2.3;0.068;15.0;33.0;0.99292;3.58;0.59;12.5;0;0;0.045
428;9.1;0.52;0.33;1.3;0.07;9.0;30.0;0.9978;3.24;0.6;9.3;0;0;0.005
117;7.8;0.56;0.12;2.0;0.0819999999999999;7.0;28.0;0.997;3.37;0.5;9.4;0;0;0.05
20;8.9;0.22;0.48;1.8;0.077;29.0;60.0;0.9968;3.39;0.53;9.4;0;0;0.035
685;8.1;0.78;0.23;2.6;0.059;5.0;15.0;0.997;3.37;0.56;11.3;0;0;0.12
811;12.9;0.5;0.55;2.8;0.072;7.0;24.0;1.00012;3.09;0.68;10.9;0;0;0.115
610;8.8;0.24;0.54;2.5;0.083;25.0;57.0;0.9983;3.39;0.54;9.2;0;0;0.015
606;9.4;0.41;0.48;4.6;0.072;10.0;20.0;0.9973;3.34;0.79;12.2;1;1;0.73
1028;7.2;0.34;0.21;2.5;0.075;41.0;68.0;0.99586;3.37;0.54;10.1;0;0;0.015
1298;5.7;0.6;0.0;1.4;0.063;11.0;18.0;0.99191;3.45;0.56;12.2;0;0;0.18
1466;7.3;0.48;0.32;2.1;0.062;31.0;54.0;0.99728;3.3;0.65;10.0;1;1;0.66
901;7.4;0.635;0.1;2.4;0.08;16.0;33.0;0.99736;3.58;0.69;10.8;1;0;0.045
1119;5.6;0.66;0.0;2.5;0.066;7.0;15.0;0.99256;3.52;0.58;12.9;0;0;0.19
707;7.4;0.49;0.19;3.0;0.077;16.0;37.0;0.9966;3.37;0.51;10.5;0;0;0.0
1584;6.7;0.32;0.44;2.4;0.061;24.0;34.0;0.99484;3.29;0.8;11.6;1;1;0.58
902;7.4;0.635;0.1;2.4;0.08;16.0;33.0;0.99736;3.58;0.69;10.8;1;0;0.045
1093;9.2;0.31;0.36;2.2;0.079;11.0;31.0;0.99615;3.33;0.86;12.0;1;1;0.595
896;8.3;0.31;0.39;2.4;0.078;17.0;43.0;0.99444;3.31;0.77;12.5;1;1;0.865
1293;7.5;0.755;0.0;1.9;0.084;6.0;12.0;0.99672;3.34;0.49;9.7;0;0;0.015
1470;10.0;0.69;0.11;1.4;0.084;8.0;24.0;0.99578;2.88;0.47;9.7;0;0;0.08
290;8.7;0.52;0.09;2.5;0.091;20.0;49.0;0.9976;3.34;0.86;10.6;1;1;0.595
496;7.8;0.52;0.25;1.9;0.081;14.0;38.0;0.9984;3.43;0.65;9.0;0;0;0.005
442;15.6;0.685;0.76;3.7;0.1;6.0;43.0;1.0032;2.95;0.68;11.2;1;0;0.275
1080;10.3;0.27;0.56;1.4;0.047;3.0;8.0;0.99471;3.16;0.51;11.8;0;1;0.565
1396;8.7;0.675;0.1;1.6;0.09;4.0;11.0;0.99745;3.31;0.65;9.55;0;0;0.035
879;7.2;0.6;0.04;2.5;0.076;18.0;88.0;0.99745;3.53;0.55;9.5;0;0;0.0
698;9.4;0.615;0.28;3.2;0.087;18.0;72.0;1.0001;3.31;0.53;9.7;0;0;0.0
828;7.8;0.57;0.09;2.3;0.065;34.0;45.0;0.99417;3.46;0.74;12.7;1;0;0.395
374;14.0;0.41;0.63;3.8;0.089;6.0;47.0;1.0014;3.01;0.81;10.8;0;0;0.3
148;6.9;0.49;0.1;2.3;0.074;12.0;30.0;0.9959;3.42;0.58;10.2;0;0;0.025
1392;7.1;0.62;0.06;1.3;0.07;5.0;12.0;0.9942;3.17;0.48;9.8;0;0;0.005
335;11.9;0.695;0.53;3.4;0.128;7.0;21.0;0.9992;3.17;0.84;12.2;1;0;0.295
847;7.4;0.68;0.16;1.8;0.078;12.0;39.0;0.9977;3.5;0.7;9.9;0;0;0.01
64;7.2;0.725;0.05;4.65;0.086;4.0;11.0;0.9962;3.41;0.39;10.9;0;0;0.035
393;8.4;0.665;0.61;2.0;0.1119999999999999;13.0;95.0;0.997;3.16;0.54;9.1;0;0;0.0
52;6.6;0.5;0.04;2.1;0.068;6.0;14.0;0.9955;3.39;0.64;9.4;0;0;0.02
961;7.1;0.56;0.14;1.6;0.078;7.0;18.0;0.99592;3.27;0.62;9.3;0;0;0.055
1475;5.3;0.47;0.11;2.2;0.048;16.0;89.0;0.99182;3.54;0.88;13.566666666666698;1;1;0.95
448;8.6;0.53;0.22;2.0;0.1;7.0;27.0;0.9967;3.2;0.56;10.2;0;0;0.03
201;8.8;0.37;0.48;2.1;0.0969999999999999;39.0;145.0;0.9975;3.04;1.03;9.3;0;0;0.03
601;13.2;0.46;0.52;2.2;0.071;12.0;35.0;1.0006;3.1;0.56;9.0;0;0;0.0
649;6.7;0.42;0.27;8.6;0.068;24.0;148.0;0.9948;3.16;0.57;11.3;0;0;0.19
792;7.1;0.61;0.02;2.5;0.081;17.0;87.0;0.99745;3.48;0.6;9.7;0;0;0.0
1257;7.0;0.58;0.28;4.8;0.085;12.0;69.0;0.99633;3.32;0.7;11.0;0;0;0.12
636;9.6;0.88;0.28;2.4;0.086;30.0;147.0;0.9979;3.24;0.53;9.4;0;0;0.0
1160;10.6;0.36;0.57;2.3;0.087;6.0;20.0;0.99676;3.14;0.72;11.1;1;0;0.21
1552;6.3;0.68;0.01;3.7;0.103;32.0;54.0;0.99586;3.51;0.66;11.3;0;0;0.065
869;7.6;0.63;0.03;2.0;0.08;27.0;43.0;0.99578;3.44;0.64;10.9;0;0;0.005
1124;6.5;0.58;0.0;2.2;0.096;3.0;13.0;0.99557;3.62;0.62;11.5;0;0;0.275
1324;6.7;0.46;0.24;1.7;0.077;18.0;34.0;0.9948;3.39;0.6;10.6;0;0;0.0
1532;7.2;0.53;0.13;2.0;0.0579999999999999;18.0;22.0;0.99573;3.21;0.68;9.9;0;0;0.055
1203;9.9;0.74;0.19;5.8;0.111;33.0;76.0;0.99878;3.14;0.55;9.4;0;0;0.055
433;12.3;0.39;0.63;2.3;0.091;6.0;18.0;1.0004;3.16;0.49;9.5;0;0;0.01
216;8.7;0.625;0.16;2.0;0.1009999999999999;13.0;49.0;0.9962;3.14;0.57;11.0;0;0;0.055
196;7.3;0.58;0.3;2.4;0.074;15.0;55.0;0.9968;3.46;0.59;10.2;0;0;0.045
793;7.7;0.6;0.0;2.6;0.055;7.0;13.0;0.99639;3.38;0.56;10.8;0;0;0.095
907;6.1;0.56;0.0;2.2;0.079;6.0;9.0;0.9948;3.59;0.54;11.5;0;0;0.225
495;10.7;0.35;0.53;2.6;0.07;5.0;16.0;0.9972;3.15;0.65;11.0;1;0;0.25
119;7.0;0.69;0.08;1.8;0.0969999999999999;22.0;89.0;0.9959;3.34;0.54;9.2;0;0;0.005
651;9.8;0.88;0.25;2.5;0.104;35.0;155.0;1.001;3.41;0.67;11.2;0;0;0.14
1096;6.6;0.725;0.09;5.5;0.1169999999999999;9.0;17.0;0.99655;3.35;0.49;10.8;0;0;0.26
65;7.2;0.725;0.05;4.65;0.086;4.0;11.0;0.9962;3.41;0.39;10.9;0;0;0.035
1427;7.6;0.41;0.33;2.5;0.078;6.0;23.0;0.9957;3.3;0.58;11.2;0;0;0.09
130;8.0;0.745;0.56;2.0;0.118;30.0;134.0;0.9968;3.24;0.66;9.4;0;0;0.025
653;9.4;0.33;0.59;2.8;0.079;9.0;30.0;0.9976;3.12;0.54;12.0;0;0;0.285
170;7.9;0.885;0.03;1.8;0.0579999999999999;4.0;8.0;0.9972;3.36;0.33;9.1;0;0;0.05
1143;7.0;0.22;0.3;1.8;0.065;16.0;20.0;0.99672;3.61;0.82;10.0;0;0;0.31
1187;7.0;0.43;0.3;2.0;0.085;6.0;39.0;0.99346;3.33;0.46;11.9;0;0;0.06
701;7.0;0.65;0.02;2.1;0.066;8.0;25.0;0.9972;3.47;0.67;9.5;0;0;0.005
1592;6.3;0.51;0.13;2.3;0.076;29.0;40.0;0.99574;3.42;0.75;11.0;0;0;0.035
1055;8.2;0.64;0.27;2.0;0.095;5.0;77.0;0.99747;3.13;0.62;9.1;0;0;0.005
195;7.8;0.59;0.33;2.0;0.074;24.0;120.0;0.9968;3.25;0.54;9.4;0;0;0.005
776;6.9;0.765;0.18;2.4;0.243;5.5;48.0;0.99612;3.4;0.6;10.3;0;0;0.035
762;8.8;0.7;0.0;1.7;0.069;8.0;19.0;0.99701;3.31;0.53;10.0;0;0;0.03
51;6.6;0.52;0.04;2.2;0.069;8.0;15.0;0.9956;3.4;0.63;9.4;0;0;0.03
397;11.5;0.59;0.59;2.6;0.087;13.0;49.0;0.9988;3.18;0.65;11.0;0;0;0.16
1437;6.8;0.915;0.29;4.8;0.07;15.0;39.0;0.99577;3.53;0.54;11.1;0;0;0.04
1267;10.4;0.43;0.5;2.3;0.068;13.0;19.0;0.996;3.1;0.87;11.4;0;1;0.525
1159;10.2;0.41;0.43;2.2;0.11;11.0;37.0;0.99728;3.16;0.67;10.8;0;0;0.06
486;10.2;0.67;0.39;1.9;0.054;6.0;17.0;0.9976;3.17;0.47;10.0;0;0;0.035
1401;7.9;0.69;0.21;2.1;0.08;33.0;141.0;0.9962;3.25;0.51;9.9;0;0;0.0
1071;7.5;0.77;0.2;8.1;0.098;30.0;92.0;0.99892;3.2;0.58;9.2;0;0;0.0
1440;7.2;0.37;0.32;2.0;0.062;15.0;28.0;0.9947;3.23;0.73;11.3;1;1;0.865
1147;10.0;0.41;0.45;6.2;0.071;6.0;14.0;0.99702;3.21;0.49;11.8;1;0;0.325
1558;6.9;0.63;0.33;6.7;0.235;66.0;115.0;0.99787;3.22;0.56;9.5;0;0;0.035
224;8.4;0.635;0.36;2.0;0.089;15.0;55.0;0.99745;3.31;0.57;10.4;0;0;0.005
1482;7.2;0.58;0.54;2.1;0.114;3.0;9.0;0.99719;3.33;0.57;10.3;0;0;0.095
1560;7.8;0.6;0.26;2.0;0.08;31.0;131.0;0.99622;3.21;0.52;9.9;0;0;0.0
1265;7.2;0.57;0.05;2.3;0.081;16.0;36.0;0.99564;3.38;0.6;10.3;0;0;0.0
1330;7.4;0.6;0.26;2.1;0.083;17.0;91.0;0.99616;3.29;0.56;9.8;0;0;0.0
453;10.4;0.33;0.63;2.8;0.084;5.0;22.0;0.9998;3.26;0.74;11.2;1;1;0.745
1139;8.2;0.51;0.24;2.0;0.079;16.0;86.0;0.99764;3.34;0.64;9.5;0;0;0.01
1111;5.4;0.42;0.27;2.0;0.092;23.0;55.0;0.99471;3.78;0.64;12.3;1;0;0.16
275;7.9;0.545;0.06;4.0;0.087;27.0;61.0;0.9965;3.36;0.67;10.7;0;0;0.01
561;9.0;0.44;0.49;2.4;0.078;26.0;121.0;0.9978;3.23;0.58;9.2;0;0;0.0
833;11.6;0.47;0.44;1.6;0.147;36.0;51.0;0.99836;3.38;0.86;9.9;0;0;0.12
779;7.1;0.52;0.03;2.6;0.076;21.0;92.0;0.99745;3.5;0.6;9.8;0;0;0.0
705;8.4;1.035;0.15;6.0;0.073;11.0;54.0;0.999;3.37;0.49;9.9;0;0;0.115
1355;6.1;0.32;0.25;1.8;0.086;5.0;32.0;0.99464;3.36;0.44;10.1;0;0;0.045
1542;6.7;0.855;0.02;1.9;0.064;29.0;38.0;0.99472;3.3;0.56;10.75;0;0;0.055
829;5.9;0.61;0.08;2.1;0.071;16.0;24.0;0.99376;3.56;0.77;11.1;0;0;0.1
706;7.0;0.78;0.08;2.0;0.093;10.0;19.0;0.9956;3.4;0.47;10.0;0;0;0.025
922;8.4;0.62;0.12;1.8;0.072;38.0;46.0;0.99504;3.38;0.89;11.8;0;0;0.15
1277;7.0;0.69;0.0;1.9;0.114;3.0;10.0;0.99636;3.35;0.6;9.7;0;0;0.065
487;10.2;0.645;0.36;1.8;0.053;5.0;14.0;0.9982;3.17;0.42;10.0;0;0;0.04
1575;7.5;0.52;0.4;2.2;0.06;12.0;20.0;0.99474;3.26;0.64;11.8;0;0;0.25
1299;7.6;1.58;0.0;2.1;0.1369999999999999;5.0;9.0;0.99476;3.5;0.4;10.9;0;0;0.15
386;7.8;0.54;0.26;2.0;0.088;23.0;48.0;0.9981;3.41;0.74;9.2;0;0;0.01
1320;9.7;0.66;0.34;2.6;0.094;12.0;88.0;0.99796;3.26;0.66;10.1;0;0;0.04
1176;6.5;0.88;0.03;5.6;0.079;23.0;47.0;0.99572;3.58;0.5;11.2;0;0;0.13
807;8.2;0.28;0.4;2.4;0.052;4.0;10.0;0.99356;3.33;0.7;12.8;1;1;0.89
307;10.3;0.41;0.42;2.4;0.213;6.0;14.0;0.9994;3.19;0.62;9.5;0;0;0.03
546;7.5;0.55;0.24;2.0;0.078;10.0;28.0;0.9983;3.45;0.78;9.5;0;0;0.005
489;9.3;0.39;0.4;2.6;0.073;10.0;26.0;0.9984;3.34;0.75;10.2;0;0;0.14
409;12.5;0.46;0.49;4.5;0.07;26.0;49.0;0.9981;3.05;0.57;9.6;0;0;0.03
972;10.1;0.38;0.5;2.4;0.104;6.0;13.0;0.99643;3.22;0.65;11.6;1;0;0.325
673;8.2;0.73;0.21;1.7;0.074;5.0;13.0;0.9968;3.2;0.52;9.5;0;0;0.005
103;8.1;0.575;0.22;2.1;0.077;12.0;65.0;0.9967;3.29;0.51;9.2;0;0;0.0
410;9.0;0.43;0.34;2.5;0.08;26.0;86.0;0.9987;3.38;0.62;9.5;0;0;0.015
802;5.1;0.585;0.0;1.7;0.044;14.0;86.0;0.99264;3.56;0.94;12.9;1;1;0.69
1275;8.0;0.715;0.22;2.3;0.075;13.0;81.0;0.99688;3.24;0.54;9.5;0;0;0.0
382;8.3;0.26;0.42;2.0;0.08;11.0;27.0;0.9974;3.21;0.8;9.4;0;0;0.0
252;11.1;0.35;0.48;3.1;0.09;5.0;21.0;0.9986;3.17;0.53;10.5;0;0;0.065
1172;9.7;0.42;0.46;2.1;0.074;5.0;16.0;0.99649;3.27;0.74;12.3;0;1;0.515
1479;8.2;0.28;0.6;3.0;0.104;10.0;22.0;0.99828;3.39;0.68;10.6;0;0;0.03
1535;7.0;0.55;0.13;2.2;0.075;15.0;35.0;0.9959;3.36;0.59;9.7;0;0;0.005
1019;7.0;0.5;0.14;1.8;0.078;10.0;23.0;0.99636;3.53;0.61;10.4;0;0;0.08
656;10.7;0.43;0.39;2.2;0.106;8.0;32.0;0.9986;2.89;0.5;9.6;0;0;0.05
951;8.3;0.28;0.48;2.1;0.093;6.0;12.0;0.99408;3.26;0.62;12.4;1;0;0.41
1165;8.5;0.44;0.5;1.9;0.369;15.0;38.0;0.99634;3.01;1.1;9.4;0;0;0.065
817;10.8;0.29;0.42;1.6;0.084;19.0;27.0;0.99545;3.28;0.73;11.9;0;1;0.52
1591;5.4;0.74;0.09;1.7;0.089;16.0;26.0;0.99402;3.67;0.56;11.6;0;0;0.095
1404;8.0;0.5;0.39;2.6;0.0819999999999999;12.0;46.0;0.9985;3.43;0.62;10.7;0;0;0.02
38;5.7;1.13;0.09;1.5;0.172;7.0;19.0;0.994;3.5;0.48;9.8;0;0;0.1
609;6.3;0.36;0.19;3.2;0.075;15.0;39.0;0.9956;3.56;0.52;12.7;0;0;0.12
479;9.4;0.685;0.11;2.7;0.077;6.0;31.0;0.9984;3.19;0.7;10.1;0;0;0.015
1115;7.0;0.69;0.07;2.5;0.091;15.0;21.0;0.99572;3.38;0.6;11.3;0;0;0.005
293;6.9;0.36;0.25;2.4;0.098;5.0;16.0;0.9964;3.41;0.6;10.1;0;0;0.03
1478;7.1;0.875;0.05;5.7;0.0819999999999999;3.0;14.0;0.99808;3.4;0.52;10.2;0;0;0.2
900;8.9;0.31;0.36;2.6;0.0559999999999999;10.0;39.0;0.99562;3.4;0.69;11.8;0;0;0.465
938;7.2;0.38;0.38;2.8;0.068;23.0;42.0;0.99356;3.34;0.72;12.9;1;1;0.53
884;8.8;0.61;0.19;4.0;0.094;30.0;69.0;0.99787;3.22;0.5;10.0;0;0;0.005
620;8.3;0.54;0.24;3.4;0.076;16.0;112.0;0.9976;3.27;0.61;9.4;0;0;0.0
1438;7.0;0.59;0.0;1.7;0.052;3.0;8.0;0.996;3.41;0.47;10.3;0;0;0.105
1413;9.9;0.57;0.25;2.0;0.104;12.0;89.0;0.9963;3.04;0.9;10.1;0;0;0.03
860;7.2;0.62;0.06;2.7;0.077;15.0;85.0;0.99746;3.51;0.54;9.5;0;0;0.0
683;8.1;0.78;0.23;2.6;0.059;5.0;15.0;0.997;3.37;0.56;11.3;0;0;0.12
1114;5.0;0.4;0.5;4.3;0.046;29.0;80.0;0.9902;3.49;0.66;13.6;0;0;0.39
871;6.9;0.56;0.03;1.5;0.086;36.0;46.0;0.99522;3.53;0.57;10.6;0;0;0.045
1148;7.8;0.39;0.42;2.0;0.086;9.0;21.0;0.99526;3.39;0.66;11.6;0;0;0.295
1244;5.9;0.29;0.25;13.4;0.067;72.0;160.0;0.99721;3.33;0.54;10.3;0;0;0.09
115;9.4;0.4;0.31;2.2;0.09;13.0;62.0;0.9966;3.07;0.63;10.5;0;0;0.09
842;10.6;0.5;0.45;2.6;0.119;34.0;68.0;0.99708;3.23;0.72;10.9;0;0;0.07
508;10.0;0.59;0.31;2.2;0.09;26.0;62.0;0.9994;3.18;0.63;10.2;0;0;0.03
80;6.2;0.45;0.2;1.6;0.069;3.0;15.0;0.9958;3.41;0.56;9.2;0;0;0.035
1153;9.6;0.42;0.35;2.1;0.083;17.0;38.0;0.99622;3.23;0.66;11.1;0;0;0.11
1306;9.7;0.69;0.32;2.5;0.088;22.0;91.0;0.9979;3.29;0.62;10.1;0;0;0.02
341;10.6;0.42;0.48;2.7;0.065;5.0;18.0;0.9972;3.21;0.87;11.3;0;0;0.405
1431;7.6;0.43;0.31;2.1;0.069;13.0;74.0;0.9958;3.26;0.54;9.9;0;0;0.01
1225;9.2;0.46;0.23;2.6;0.091;18.0;77.0;0.99922;3.15;0.51;9.4;0;0;0.0
1067;11.1;0.31;0.53;2.2;0.06;3.0;10.0;0.99572;3.02;0.83;10.9;1;1;0.88
990;7.7;0.39;0.12;1.7;0.0969999999999999;19.0;27.0;0.99596;3.16;0.49;9.4;0;0;0.025
1581;6.2;0.56;0.09;1.7;0.053;24.0;32.0;0.99402;3.54;0.6;11.3;0;0;0.015
583;12.0;0.28;0.49;1.9;0.074;10.0;21.0;0.9976;2.98;0.66;9.9;1;0;0.11
1101;7.4;0.49;0.27;2.1;0.071;14.0;25.0;0.99388;3.35;0.63;12.0;0;0;0.045
1194;7.0;0.745;0.12;1.8;0.114;15.0;64.0;0.99588;3.22;0.59;9.5;0;0;0.0
1066;6.6;0.52;0.08;2.4;0.07;13.0;26.0;0.99358;3.4;0.72;12.5;1;0;0.42
637;9.5;0.885;0.27;2.3;0.084;31.0;145.0;0.9978;3.24;0.53;9.4;0;0;0.0
600;8.2;0.915;0.27;2.1;0.088;7.0;23.0;0.9962;3.26;0.47;10.0;0;0;0.055
881;7.6;0.715;0.0;2.1;0.068;30.0;35.0;0.99533;3.48;0.65;11.4;0;0;0.075
1588;7.2;0.66;0.33;2.5;0.068;34.0;102.0;0.99414;3.27;0.78;12.8;0;1;0.53
689;8.1;0.38;0.48;1.8;0.157;5.0;17.0;0.9976;3.3;1.05;9.4;0;0;0.105
886;9.0;0.8;0.12;2.4;0.083;8.0;28.0;0.99836;3.33;0.65;10.4;0;0;0.055
100;8.3;0.61;0.3;2.1;0.084;11.0;50.0;0.9972;3.4;0.61;10.2;0;0;0.025
906;7.2;0.54;0.27;2.6;0.084;12.0;78.0;0.9964;3.39;0.71;11.0;0;0;0.085
715;7.2;0.49;0.18;2.7;0.069;13.0;34.0;0.9967;3.29;0.48;9.2;0;0;0.0
1350;9.0;0.6;0.29;2.0;0.069;32.0;73.0;0.99654;3.34;0.57;10.0;0;0;0.025
468;11.4;0.36;0.69;2.1;0.09;6.0;21.0;1.0;3.17;0.62;9.2;0;0;0.075
534;10.0;0.48;0.24;2.7;0.102;13.0;32.0;1.0;3.28;0.56;10.0;0;0;0.03
739;9.0;0.69;0.0;2.4;0.088;19.0;38.0;0.999;3.35;0.6;9.3;0;0;0.02
1064;8.2;0.74;0.09;2.0;0.067;5.0;10.0;0.99418;3.28;0.57;11.8;0;0;0.165
1332;8.4;0.39;0.1;1.7;0.075;6.0;25.0;0.99581;3.09;0.43;9.7;0;0;0.02
76;8.8;0.41;0.64;2.2;0.093;9.0;42.0;0.9986;3.54;0.66;10.5;0;0;0.055
1433;6.1;0.4;0.16;1.8;0.069;11.0;25.0;0.9955;3.42;0.74;10.1;1;0;0.15
167;7.3;0.55;0.03;1.6;0.072;17.0;42.0;0.9956;3.37;0.48;9.0;0;0;0.0
1112;7.9;0.33;0.41;1.5;0.0559999999999999;6.0;35.0;0.99396;3.29;0.71;11.0;0;0;0.44
1137;10.4;0.52;0.45;2.0;0.08;6.0;13.0;0.99774;3.22;0.76;11.4;0;0;0.22
755;7.8;0.91;0.07;1.9;0.0579999999999999;22.0;47.0;0.99525;3.51;0.43;10.7;0;0;0.06
699;11.8;0.38;0.55;2.1;0.071;5.0;19.0;0.9986;3.11;0.62;10.8;0;0;0.085
845;6.4;0.64;0.21;1.8;0.081;14.0;31.0;0.99689;3.59;0.66;9.8;0;0;0.005
737;8.2;0.59;0.0;2.5;0.093;19.0;58.0;1.0002;3.5;0.65;9.3;0;0;0.02
1034;8.9;0.745;0.18;2.5;0.077;15.0;48.0;0.99739;3.2;0.47;9.7;0;0;0.0
1305;7.5;0.61;0.26;1.9;0.073;24.0;88.0;0.99612;3.3;0.53;9.8;0;0;0.0
839;6.0;0.5;0.04;2.2;0.092;13.0;26.0;0.99647;3.46;0.47;10.0;0;0;0.03
966;9.0;0.38;0.41;2.4;0.103;6.0;10.0;0.99604;3.13;0.58;11.9;1;0;0.25
1196;7.9;0.58;0.23;2.3;0.076;23.0;94.0;0.99686;3.21;0.58;9.5;0;0;0.005
686;7.1;0.65;0.18;1.8;0.07;13.0;40.0;0.997;3.44;0.6;9.1;0;0;0.005
1213;9.6;0.38;0.42;1.9;0.071;5.0;13.0;0.99659;3.15;0.75;10.5;0;0;0.275
1226;7.5;0.58;0.03;4.1;0.08;27.0;46.0;0.99592;3.02;0.47;9.2;0;0;0.04
282;7.6;0.52;0.12;3.0;0.067;12.0;53.0;0.9971;3.36;0.57;9.1;0;0;0.01
1547;6.3;0.6;0.1;1.6;0.048;12.0;26.0;0.99306;3.55;0.51;12.1;0;0;0.035
1553;7.3;0.735;0.0;2.2;0.08;18.0;28.0;0.99765;3.41;0.6;9.4;0;0;0.005
530;9.1;0.22;0.24;2.1;0.078;1.0;28.0;0.999;3.41;0.87;10.3;0;0;0.1
1236;7.8;0.55;0.0;1.7;0.07;7.0;17.0;0.99659;3.26;0.64;9.4;0;0;0.075
402;12.2;0.48;0.54;2.6;0.085;19.0;64.0;1.0;3.1;0.61;10.5;0;0;0.06
188;7.9;0.5;0.33;2.0;0.084;15.0;143.0;0.9968;3.2;0.55;9.5;0;0;0.005
933;7.4;0.61;0.01;2.0;0.074;13.0;38.0;0.99748;3.48;0.65;9.8;0;0;0.02
616;9.6;0.6;0.5;2.3;0.079;28.0;71.0;0.9997;3.5;0.57;9.7;0;0;0.005
490;9.3;0.775;0.27;2.8;0.078;24.0;56.0;0.9984;3.31;0.67;10.6;0;0;0.015
1184;6.7;0.64;0.23;2.1;0.08;11.0;119.0;0.99538;3.36;0.7;10.9;0;0;0.02
1273;7.5;0.58;0.2;2.0;0.073;34.0;44.0;0.99494;3.1;0.43;9.3;0;0;0.02
851;9.3;0.43;0.44;1.9;0.085;9.0;22.0;0.99708;3.28;0.55;9.5;0;0;0.0
870;7.7;0.715;0.01;2.1;0.064;31.0;43.0;0.99371;3.41;0.57;11.8;0;0;0.145
1439;7.3;0.67;0.02;2.2;0.072;31.0;92.0;0.99566;3.32;0.68;11.066666666666698;0;0;0.07
1399;7.2;0.67;0.0;2.2;0.068;10.0;24.0;0.9956;3.42;0.72;11.1;0;0;0.15
1256;7.5;0.59;0.22;1.8;0.0819999999999999;43.0;60.0;0.99499;3.1;0.42;9.2;0;0;0.0
391;13.7;0.415;0.68;2.9;0.085;17.0;43.0;1.0014;3.06;0.8;10.0;0;0;0.1
472;12.5;0.37;0.55;2.6;0.083;25.0;68.0;0.9995;3.15;0.82;10.4;0;0;0.14
1444;7.3;0.67;0.02;2.2;0.072;31.0;92.0;0.99566;3.32;0.68;11.1;0;0;0.075
1145;8.2;0.2;0.43;2.5;0.076;31.0;51.0;0.99672;3.53;0.81;10.4;0;0;0.165
720;8.4;0.56;0.04;2.0;0.0819999999999999;10.0;22.0;0.9976;3.22;0.44;9.6;0;0;0.02
542;9.3;0.715;0.24;2.1;0.07;5.0;20.0;0.9966;3.12;0.59;9.9;0;0;0.0
663;10.1;0.28;0.46;1.8;0.05;5.0;13.0;0.9974;3.04;0.79;10.2;0;1;0.505
173;7.4;0.62;0.05;1.9;0.068;24.0;42.0;0.9961;3.42;0.57;11.5;0;0;0.04
1540;6.2;0.52;0.08;4.4;0.071;11.0;32.0;0.99646;3.56;0.63;11.6;0;0;0.16
890;7.2;0.34;0.24;2.0;0.071;30.0;52.0;0.99576;3.44;0.58;10.1;0;0;0.015
858;11.7;0.28;0.47;1.7;0.054;17.0;32.0;0.99686;3.15;0.67;10.6;1;0;0.215
1469;7.3;0.98;0.05;2.1;0.061;20.0;49.0;0.99705;3.31;0.55;9.7;0;0;0.025
461;8.3;0.615;0.22;2.6;0.087;6.0;19.0;0.9982;3.26;0.61;9.3;0;0;0.0
545;9.1;0.47;0.49;2.6;0.094;38.0;106.0;0.9982;3.08;0.59;9.1;0;0;0.005
1227;9.0;0.58;0.25;2.0;0.104;8.0;21.0;0.99769;3.27;0.72;9.6;0;0;0.02
527;7.0;0.38;0.49;2.5;0.0969999999999999;33.0;85.0;0.9962;3.39;0.77;11.4;0;0;0.11
567;8.7;0.7;0.24;2.5;0.226;5.0;15.0;0.9991;3.32;0.6;9.0;0;0;0.015
229;6.9;0.52;0.25;2.6;0.081;10.0;37.0;0.99685;3.46;0.5;11.0;0;0;0.005
868;6.8;0.56;0.22;1.8;0.074;15.0;24.0;0.99438;3.4;0.82;11.2;0;0;0.075
